Factory,B-name
Buys,I-name
32cm,I-name
Euro,I-name
Top,I-name
Mattress,I-name
-,I-name
King,I-name
469,B-price
.43,I-price
AUD,B-currency
https,B-url
://www.factorybuys.com.au/products/euro-top-mattress-king,I-url
Beadlight,B-name
Cirrus,I-name
LED,I-name
Reading,I-name
Light,I-name
1,B-price
",598.00",I-price
AUD,B-currency
https,B-url
://dunlin.com.au/products/beadlight-cirrus,I-url
Hamar,B-name
Plant,I-name
Stand,I-name
-,I-name
Ash,I-name
https,B-url
://themodern.com.au/products/hamar-plant-stand-ash,I-url
Gift,B-name
Cards,I-name
https,B-url
://www.rjliving.com.au/collections/gift-cards,I-url
Dining,B-name
Tables,I-name
|,I-name
Living,I-name
Edge,I-name
https,B-url
://livingedge.com.au/tables/dining-tables/,I-url
https,B-url
://www.knoll.com/design-plan/products/by-designer/knoll,I-url
Samson,B-name
Daybed,I-name
Frame,I-name
-,I-name
Single,I-name
974,B-price
AUD,B-currency
https,B-url
://vastinterior.com.au/products/samson-daybed-single,I-url
String,B-name
weave,I-name
timber,I-name
stool,I-name
https,B-url
://www.hudsonfurniture.com.au/products/string-weave-timber-stool,I-url
Gift,B-name
Card,I-name
10,B-price
.00,I-price
USD,B-currency
https,B-url
://dhfonline.com/products/gift-card,I-url
https,B-url
://www.tandemarbor.com/products/kaiser-box-bed-blush-plush-velvet,I-url
Hoyt,B-name
Chair,I-name
1,B-price
",450.00",I-price
USD,B-currency
https,B-url
://www.perchfurniture.com/products/hoyt-chair,I-url
https,B-url
://curiousgrace.com.au/products/cleo-desk-lamp,I-url
https,B-url
://www.theinside.com/products/x-bench-onyx-austin-stripe-by-old-world-weavers/PTM_XBench_OnyxAustinStripeByOldWorldWeavers,I-url
PINCH,B-name
|,I-name
View,I-name
the,I-name
Yves,I-name
desk,I-name
3,B-price
",550",I-price
GBP,B-currency
https,B-url
://pinchdesign.com/products/yves-desk,I-url
Gift,B-name
Voucher,I-name
10,B-price
.00,I-price
GBP,B-currency
https,B-url
://www.do-shop.com/products/gift-card,I-url
Palecek,B-name
Coco,I-name
Ruffle,I-name
Mirror,I-name
1,B-price
",964.00",I-price
USD,B-currency
https,B-url
://claytongrayhome.com/products/palecek-coco-ruffle-mirror,I-url
https,B-url
://www.kmpfurniture.com/fire_collection/products/beds_80.html,I-url
https,B-url
://www.furnitureworldgalleries.com/products/,I-url
https,B-url
://www.theguestroomfurniture.com/products/,I-url
Modern,B-name
and,I-name
Contemporary,I-name
Bedroom,I-name
Furniture,I-name
",",I-name
Houston,I-name
",",I-name
Texas,I-name
https,B-url
://www.danishinspirations.com/products/furniture/bedroom/,I-url
Products,B-name
-,I-name
Columbine,I-name
Showroom,I-name
-,I-name
Denver,I-name
",",I-name
CO,I-name
https,B-url
://columbineshowroom.com/products/,I-url
Alf,B-name
&,I-name
Bud,I-name
Side,I-name
Tables,I-name
445,B-price
GBP,B-currency
https,B-url
://galvinbrothers.co.uk/products/alfandbud,I-url
Enso,B-name
Platform,I-name
Bed,I-name
Frame,I-name
and,I-name
Headboard,I-name
-,I-name
Solid,I-name
Wood,I-name
Modern,I-name
Bed,I-name
Frame,I-name
3,B-price
",567.00",I-price
USD,B-currency
https,B-url
://www.tyfinefurniture.com/products/enso-platform-bed,I-url
https,B-url
://www.cranmorehome.com.au/products/gift-card,I-url
Buy,B-name
Tallboys,I-name
&,I-name
Dressers,I-name
",",I-name
Chest,I-name
of,I-name
Drawers,I-name
Online,I-name
|,I-name
VAVOOM,I-name
https,B-url
://www.vavoom.com.au/collections/chest-of-drawers,I-url
Fabric,B-name
Lounges,I-name
https,B-url
://www.loungesplus.com.au/collections/fabric-lounges,I-url
https,B-url
://www.yellowleafhammocks.com/products/hammock-gift-card,I-url
Fish,B-name
bricka,I-name
vit,I-name
275,B-price
SEK,B-currency
https,B-url
://www.asplundstore.se/products/fish-bricka,I-url
Sofa,B-name
Beds,I-name
Archives,I-name
https,B-url
://www.fads.co.uk/products/chairs-and-seating/sofas/sofa-beds/,I-url
Esme,B-name
Natural,I-name
Rattan,I-name
Day,I-name
Bed,I-name
1,B-price
",200.00",I-price
AUD,B-currency
https,B-url
://kokocollective.com.au/products/esme-natural-rattan-day-bed,I-url
Leather,B-name
",",I-name
Linen,I-name
",",I-name
&,I-name
Velvet,I-name
Sectional,I-name
Sofas,I-name
by,I-name
Timothy,I-name
Oulton,I-name
-,I-name
Timothy,I-name
Oulton,I-name
https,B-url
://www.timothyoulton.com/sofas/sectional-sofas,I-url
news,B-name
https,B-url
://warmnordic.com/collections/news,I-url
Arncliffe,B-name
Pop,I-name
Bench,I-name
450,B-price
.00,I-price
GBP,B-currency
https,B-url
://www.royaloakfurniture.co.uk/products/pop-bench,I-url
MEMBERSHIP,B-name
100,B-price
.00,I-price
SGD,B-currency
https,B-url
://mulamu.com/products/membership,I-url
Wayne,B-name
's,I-name
Fine,I-name
Furniture,I-name
&,I-name
Bedding,I-name
in,I-name
Jacksonville,I-name
",",I-name
Florida,I-name
https,B-url
://waynesfinefurnitureandbedding.com/,I-url
https,B-url
://theodores.com/products/,I-url
https,B-url
://www.theoakfurnitureshop.com/products/country-trend-solid-oak-tv-stand-51/,I-url
Guardsman,B-name
Gold,I-name
Complete,I-name
Plus,I-name
Plan,I-name
189,B-price
.00,I-price
USD,B-currency
https,B-url
://www.jensen-lewis.com/products/guardsman-gold-complete-plan,I-url
Molloy,B-name
Chair,I-name
0,B-price
.00,I-price
AUD,B-currency
https,B-url
://cultdesign.co.nz/products/molloy-chair,I-url
https,B-url
://www.gloster.com/en/products/materials/teak,I-url
Lamps,B-name
|,I-name
Modern,I-name
lighting,I-name
for,I-name
your,I-name
interior,I-name
https,B-url
://www.normann-copenhagen.com/en/Products/Lighting,I-url
Group,B-name
#119,I-name
0,B-price
.00,I-price
USD,B-currency
https,B-url
://allwoodfurn.com/products/group-119-rustic-two-tone-gathering-table-and-barstools,I-url
Jack,B-name
Leather,I-name
and,I-name
Wood,I-name
Stool,I-name
-,I-name
Tan,I-name
1,B-price
",285.00",I-price
USD,B-currency
https,B-url
://lostine.com/products/jack-leather-and-wood-stool-tan,I-url
tip,B-name
table,I-name
lamp,I-name
https,B-url
://www.somedaydesigns.co.uk/products/muuto-tip-table-lamp,I-url
Big,B-name
Cay,I-name
Desk,I-name
|,I-name
Maine,I-name
Cottage,I-name
4,B-price
",095.00",I-price
USD,B-currency
https,B-url
://www.mainecottage.com/products/big-cay-desk,I-url
Collections,B-name
https,B-url
://www.antoninimodernliving.com/collections,I-url
Westlake,B-name
Queen,I-name
Storage,I-name
Bed,I-name
2,B-price
",024",I-price
USD,B-currency
https,B-url
://vancouverwoodworks.com/products/aamerica-wslcb5091,I-url
Lipa,B-name
Barstool,I-name
176,B-price
.00,I-price
USD,B-currency
https,B-url
://www.kannoa.com/products/lipa-barstool,I-url
https,B-url
://furnitureoutletnc.com/products/deluxe-full-mattress,I-url
Quirky,B-name
Home,I-name
Accessories,I-name
and,I-name
Furniture,I-name
|,I-name
Modern,I-name
Italian,I-name
Leather,I-name
Sofas,I-name
https,B-url
://www.thefurnituremegastore.co.uk/,I-url
Best,B-name
Modern,I-name
Furniture,I-name
Store,I-name
In,I-name
Orlando,I-name
",",I-name
FL,I-name
&,I-name
Dallas,I-name
",",I-name
TX,I-name
https,B-url
://eurolivingfurniture.com/,I-url
https,B-url
://www.efurnitureny.com/products/wardrobes-and-closets/wardrobe-closet-and-armoires,I-url
Gift,B-name
Card,I-name
10,B-price
.00,I-price
GBP,B-currency
https,B-url
://hauslondon.com/products/gift-card,I-url
https,B-url
://allworldfurniture.com/products/sallie-stool&via=http://www.twitter.com/alworldfurnitur&text=Euro%20Style%20Sallie%20Accent%20Stool,I-url
https,B-url
://decorium.us/products/costa-adjustable-barstool,I-url
side,B-name
table,I-name
O118,I-name
|,I-name
USM,I-name
Haller,I-name
1,B-price
",300.00",I-price
USD,B-currency
https,B-url
://www.softsquare.com/products/usm-haller-media-o1,I-url
ROMA,B-name
SOFA,I-name
-,I-name
PEBBLE,I-name
0,B-price
.00,I-price
USD,B-currency
https,B-url
://najarianfurniture.com/products/roma-sofa-pebble,I-url
QW,B-name
Amish,I-name
McKee,I-name
6pc,I-name
Dining,I-name
Set,I-name
https,B-url
://qualitywoods.com/products/qw-amish-mckee-6pc-dining-set,I-url
Gift,B-name
Card,I-name
50,B-price
.00,I-price
USD,B-currency
https,B-url
://www.americanbackyard.com/products/gift-card,I-url
https,B-url
://craftassociatesfurniture.com/products/craft-associates-wool-lounge-chairs-1519,I-url
Gift,B-name
Card,I-name
25,B-price
.00,I-price
USD,B-currency
https,B-url
://huset-shop.com/products/gift-card,I-url
Hodges,B-name
Tweed,I-name
45,B-price
.00,I-price
USD,B-currency
https,B-url
://www.scotmeachamwoodhome.com/products/hodges-tweed,I-url
https,B-url
://www.espasso.com/products/tearsheet/1815,I-url
All,B-name
Products,I-name
https,B-url
://sika-design.com/collections/all,I-url
Barrel,B-name
Bar,I-name
6,B-price
",838.00",I-price
USD,B-currency
https,B-url
://thebellacottage.com/products/barrel-bar,I-url
CH24,B-name
Wishbone,I-name
Chair,I-name
-,I-name
Beech,I-name
-,I-name
Soft,I-name
colours,I-name
550,B-price
.00,I-price
GBP,B-currency
https,B-url
://www.skandium.com/products/ch24-soft-wishbone-chair,I-url
Mid,B-name
Century,I-name
Record,I-name
Storage,I-name
Console,I-name
https,B-url
://jeremiahcollection.com/products/record-storage-console,I-url
The,B-name
Fine,I-name
Store,I-name
Gift,I-name
Card,I-name
10,B-price
.00,I-price
EUR,B-currency
https,B-url
://thefinestore.com/products/gift-card,I-url
Pehme,B-name
mÃ¶Ã¶bel,I-name
-,I-name
Eesti,I-name
disainmÃ¶Ã¶bel,I-name
-,I-name
MÃ¶Ã¶blipood,I-name
-,I-name
Oot,I-name
-Oot,I-name
Stuudio,I-name
https,B-url
://oot-oot.com/pood/,I-url
The,B-name
Bayswater,I-name
Armchair,I-name
5,B-price
",160.00",I-price
GBP,B-currency
https,B-url
://lorfords.com/products/the-bayswater-armchair,I-url
All,B-name
Products,I-name
https,B-url
://pastperfect.sg/products/,I-url
1900,B-name
BENCH,I-name
1,B-price
",330.00",I-price
AUD,B-currency
https,B-url
://classicwithatwist.com.au/products/1900-bench,I-url
GIFT,B-name
VOUCHER,I-name
25,B-price
.00,I-price
AUD,B-currency
https,B-url
://thebanyantree.com.au/products/gift-card,I-url
https,B-url
://hauserstores.com/products/mesa-sofa?view=product-alt,I-url
Alice,B-name
Vanity,I-name
169,B-price
.99,I-price
USD,B-currency
https,B-url
://boahaus.com/products/boahaus-urban-dressing-table,I-url
SORENSEN,B-name
TEAK,I-name
BENCH,I-name
|,I-name
100CM,I-name
299,B-price
.00,I-price
AUD,B-currency
https,B-url
://livingbydesign.net.au/products/sorensen-teak-bench-seat-dining,I-url
Milan,B-name
Side,I-name
Table,I-name
150,B-price
.00,I-price
GBP,B-currency
https,B-url
://www.living-home.co.uk/products/58-07-milan-side-table,I-url
Collections,B-name
https,B-url
://relm.com.au/collections,I-url
Glen,B-name
Mirror,I-name
https,B-url
://modernkomfort.ca/products/glen,I-url
Pony,B-name
2,B-price
.411,I-price
EUR,B-currency
https,B-url
://www.aarniooriginals.com/products/pony,I-url
42,B-name
"""",I-name
Tennant,I-name
Brand,I-name
Beatrice,I-name
Navy,I-name
Blue,I-name
Modern,I-name
Bathroom,I-name
Sink,I-name
Vanity,I-name
995,B-price
.00,I-price
USD,B-currency
https,B-url
://chansfurniture.com/products/copy-of-42-tennant-brand-modern-style-beatrice-bathroom-sink-vanity-tb-9433-v42-wenge-color,I-url
Windsor,B-name
Bed,I-name
1,B-price
",799.00",I-price
USD,B-currency
https,B-url
://hedgehousefurniture.com/products/windsor-bed,I-url
Plume,B-name
Wallpaper,I-name
230,B-price
USD,B-currency
https,B-url
://shop.vanillawood.com/products/plume-wallpaper,I-url
Gift,B-name
Card,I-name
https,B-url
://oakforless.com/products/gift-card,I-url
Modern,B-name
Furniture,I-name
Store,I-name
Online,I-name
|,I-name
Castlery,I-name
https,B-url
://www.castlery.com/products/spot-shelf,I-url
Round,B-name
Vintage,I-name
Zinc,I-name
Tray,I-name
24,B-price
.95,I-price
EUR,B-currency
https,B-url
://homestreethome.ie/products/zinc-tray,I-url
Moo,B-name
https,B-url
://www.myconcept.com.hk/products/moo,I-url
Forna,B-name
Plant,I-name
Stand,I-name
Small,I-name
-,I-name
Vaunt,I-name
Design,I-name
55,B-price
.00,I-price
GBP,B-currency
https,B-url
://vauntdesign.com/products/forna-plant-stand-small,I-url
Scandinavian,B-name
Bali,I-name
Teak,I-name
Bench,I-name
ATF388,I-name
249,B-price
.00,I-price
SGD,B-currency
https,B-url
://asianteakfurniture.com/products/bali-teak-bench-atf388,I-url
Enim,B-name
donec,I-name
pede,I-name
12,B-price
.00,I-price
USD,B-currency
https,B-url
://furnitica-vinova.myshopify.com/products/enim-donec-pede,I-url
Spensley,B-name
Dining,I-name
Chair,I-name
-,I-name
Tan,I-name
690,B-price
.00,I-price
AUD,B-currency
https,B-url
://barnabylane.com.au/products/spensley-tan,I-url
Modern,B-name
Furniture,I-name
Australia,I-name
|,I-name
Online,I-name
Contemporary,I-name
Furniture,I-name
Store,I-name
https,B-url
://www.modernfurniture.com.au/,I-url
Sweden,B-name
Teak,I-name
Side,I-name
Coffee,I-name
Table,I-name
60,I-name
x,I-name
60,I-name
cm,I-name
https,B-url
://teak-furniture-singapore.com/products/sweden-side-table,I-url
Scandinavian,B-name
Lamp,I-name
Table,I-name
TWS889LT,I-name
-000-TA-LP,I-name
https,B-url
://teak-warehouse-sale.com/products/tws889lt-000-ta-lp,I-url
Two,B-name
's,I-name
Company,I-name
Sunburst,I-name
Antiqued,I-name
Gold,I-name
Wall,I-name
Mirror,I-name
|,B-sku
585,B-price
.00,I-price
USD,B-currency
https,B-url
://www.modishstore.com/products/twos-company-sunburst-antiqued-gold-wall-mirror,I-url
Black,B-name
Chair,I-name
80,B-price
USD,B-currency
https,B-url
://loft-theme-demo-nashville.myshopify.com/products/black-chair,I-url
MP,B-name
-,I-name
Amsterdam,I-name
2,I-name
Drawer,I-name
Bedside,I-name
Table,I-name
TEK168,I-name
BS,I-name
002,I-name
TA,I-name
Side,I-name
Table,I-name
https,B-url
://teakco.com/products/amsterdam-2-drawer-bedside-table-tek168bs-002-ta,I-url
Amsterdam,B-name
Bench,I-name
150,I-name
x,I-name
35,I-name
cm,I-name
BE,I-name
-150-35-TA,I-name
(,I-name
Chocolate,I-name
Colour,I-name
),I-name
449,B-price
.00,I-price
SGD,B-currency
https,B-url
://big-sale-furniture.com/products/amsterdam-bench-150-x-35-be-150-35-ta,I-url
High,B-name
-quality,I-name
design,I-name
for,I-name
more,I-name
people,I-name
âŽ®,I-name
TAKT,I-name
https,B-url
://taktcph.com/products/,I-url
Black,B-name
Mango,I-name
Gift,I-name
Card,I-name
https,B-url
://www.blackmango.com.au/products/gift-card,I-url
The,B-name
Upton,I-name
Mattress,I-name
ðŸ‡¨ðŸ‡¦,I-name
600,B-price
CAD,B-currency
https,B-url
://candb.ca/products/10-gel-memory-foam-mattress,I-url
All,B-name
Products,I-name
https,B-url
://thonet.co.nz/products/all,I-url
https,B-url
://www.dengiloutdoorfurniture.com/products/sofa-sets/rattan-sofa-sets/,I-url
